{"Baseline": {"latency_avg": 0.025966666666666666, "latency_max": 0.179, "latency_samples": [0.179, 0.031, 0.01, 0.018, 0.017, 0.022, 0.021, 0.017, 0.009, 0.031, 0.02, 0.019, 0.019, 0.011, 0.007, 0.019, 0.038, 0.043, 0.039, 0.022, 0.023, 0.021, 0.03, 0.021, 0.023, 0.021, 0.019, 0.021, 0.021, 0.022, 0.022, 0.02, 0.014, 0.017, 0.024, 0.019, 0.014, 0.006, 0.018, 0.022, 0.017, 0.008, 0.02, 0.028, 0.014, 0.022, 0.019, 0.021, 0.021, 0.016, 0.017, 0.022, 0.023, 0.021, 0.021, 0.021, 0.025, 0.024, 0.022, 0.022, 0.019, 0.021, 0.023, 0.022, 0.019, 0.018, 0.024, 0.021, 0.031, 0.023, 0.03, 0.031, 0.022, 0.025, 0.02, 0.022, 0.037, 0.025, 0.023, 0.02, 0.021, 0.017, 0.012, 0.025, 0.023, 0.033, 0.022, 0.02, 0.021, 0.029, 0.022, 0.022, 0.025, 0.02, 0.018, 0.021, 0.022, 0.02, 0.019, 0.022, 0.021, 0.02, 0.023, 0.027, 0.021, 0.022, 0.021, 0.027, 0.021, 0.021, 0.021, 0.02, 0.025, 0.021, 0.02, 0.023, 0.024, 0.052, 0.04, 0.027, 0.023, 0.024, 0.025, 0.023, 0.023, 0.023, 0.022, 0.022, 0.021, 0.022, 0.023, 0.022, 0.024, 0.027, 0.086, 0.027, 0.026, 0.037, 0.023, 0.022, 0.022, 0.025, 0.022, 0.027, 0.021, 0.063, 0.101, 0.091, 0.089, 0.088], "cpu_avg": 96.41642857142857, "cpu_max": 100.31, "cpu_samples": [88.57, 99.9, 99.34, 99.34, 99.42, 100.31, 98.8, 99.07, 98.09, 98.5, 98.97, 98.83, 98.18, 72.51], "throughput_bps": 139757290592.8646, "retransmits": 4544, "tput_samples": [153.26728884780857, 149.438097134116, 150.86337788316516, 134.1288334930858, 146.01496673592965, 147.68775537665516, 145.9999609274548, 149.7630129647189, 147.25423062453254, 148.06281984056014, 140.72764823348928, 133.23285076429462, 136.17456703764765, 144.0211710553909, 134.4045129716516, 137.40815093511264, 140.66022169091437, 133.4710269928778, 135.95092548698838, 133.68239771780478, 143.7666534204542, 141.55450319993048, 140.7069396415173, 118.65004028170449, 123.91229131333264, 142.04587047780166, 135.24126489283844, 134.55618919400095, 134.30063232556788, 140.75773800845985]}, "Legacy": {"latency_avg": 0.027913333333333335, "latency_max": 0.215, "latency_samples": [0.083, 0.023, 0.024, 0.031, 0.023, 0.021, 0.025, 0.025, 0.023, 0.024, 0.027, 0.067, 0.027, 0.024, 0.024, 0.022, 0.026, 0.034, 0.025, 0.024, 0.024, 0.026, 0.048, 0.023, 0.021, 0.021, 0.027, 0.025, 0.029, 0.023, 0.022, 0.022, 0.023, 0.021, 0.026, 0.021, 0.027, 0.026, 0.02, 0.02, 0.019, 0.017, 0.02, 0.019, 0.022, 0.013, 0.019, 0.022, 0.021, 0.02, 0.019, 0.017, 0.021, 0.007, 0.021, 0.01, 0.019, 0.021, 0.018, 0.017, 0.022, 0.022, 0.012, 0.02, 0.024, 0.023, 0.026, 0.022, 0.021, 0.019, 0.023, 0.019, 0.014, 0.023, 0.02, 0.027, 0.02, 0.026, 0.021, 0.025, 0.022, 0.022, 0.022, 0.025, 0.02, 0.024, 0.021, 0.024, 0.025, 0.025, 0.022, 0.023, 0.019, 0.019, 0.024, 0.021, 0.023, 0.023, 0.024, 0.021, 0.021, 0.024, 0.022, 0.021, 0.022, 0.02, 0.02, 0.02, 0.024, 0.021, 0.027, 0.025, 0.022, 0.027, 0.021, 0.024, 0.029, 0.029, 0.029, 0.023, 0.019, 0.025, 0.033, 0.024, 0.023, 0.026, 0.033, 0.024, 0.038, 0.023, 0.033, 0.022, 0.021, 0.021, 0.023, 0.023, 0.02, 0.023, 0.021, 0.017, 0.026, 0.022, 0.023, 0.022, 0.021, 0.06, 0.215, 0.154, 0.159, 0.185], "cpu_avg": 104.47071428571428, "cpu_max": 117.77, "cpu_samples": [117.77, 116.99, 117.21, 112.39, 109.15, 108.92, 107.28, 106.4, 107.1, 107.2, 106.46, 116.18, 107.37, 22.17], "throughput_bps": 65092973037.48496, "retransmits": 4185, "tput_samples": [59.983891936543145, 62.4602081185252, 61.1740513769877, 65.42310134636455, 66.28773624958883, 61.578400360126054, 70.41014906838785, 62.515508267993404, 68.8920885920816, 71.33020488999607, 72.20549075313586, 71.83197792197514, 73.23869864156242, 60.528130480475305, 70.6471964947747, 57.6293934620474, 56.71113088234354, 58.97350657799457, 61.15070530906598, 65.48772048727172, 65.16158655056097, 70.10651810974686, 71.77490341571527, 60.64279811807135, 62.89510213028375, 65.00432769285143, 54.98098250996832, 66.9978423426569, 69.70766221002145, 69.43232654152935]}, "eBPF": {"latency_avg": 0.025913333333333333, "latency_max": 0.204, "latency_samples": [0.085, 0.021, 0.026, 0.021, 0.019, 0.042, 0.027, 0.023, 0.023, 0.022, 0.024, 0.023, 0.022, 0.024, 0.022, 0.023, 0.018, 0.023, 0.024, 0.022, 0.023, 0.022, 0.03, 0.026, 0.024, 0.024, 0.032, 0.023, 0.024, 0.024, 0.023, 0.024, 0.023, 0.027, 0.024, 0.025, 0.024, 0.023, 0.016, 0.02, 0.019, 0.021, 0.025, 0.02, 0.024, 0.022, 0.026, 0.022, 0.022, 0.02, 0.022, 0.021, 0.023, 0.019, 0.019, 0.017, 0.018, 0.022, 0.02, 0.024, 0.025, 0.024, 0.025, 0.024, 0.024, 0.024, 0.025, 0.027, 0.023, 0.025, 0.022, 0.023, 0.024, 0.024, 0.022, 0.02, 0.022, 0.023, 0.021, 0.017, 0.02, 0.025, 0.024, 0.02, 0.022, 0.02, 0.021, 0.03, 0.023, 0.023, 0.022, 0.023, 0.023, 0.023, 0.023, 0.021, 0.021, 0.021, 0.024, 0.023, 0.022, 0.024, 0.024, 0.025, 0.027, 0.023, 0.029, 0.019, 0.024, 0.023, 0.023, 0.025, 0.022, 0.026, 0.025, 0.027, 0.024, 0.021, 0.023, 0.025, 0.022, 0.026, 0.052, 0.023, 0.018, 0.009, 0.011, 0.02, 0.022, 0.016, 0.017, 0.016, 0.018, 0.008, 0.023, 0.01, 0.013, 0.017, 0.019, 0.008, 0.006, 0.021, 0.019, 0.007, 0.008, 0.012, 0.144, 0.197, 0.204, 0.063], "cpu_avg": 97.14285714285714, "cpu_max": 100.6, "cpu_samples": [88.49, 99.41, 100.43, 98.68, 99.29, 100.6, 99.44, 99.77, 99.07, 99.85, 100.49, 99.66, 99.86, 74.96], "throughput_bps": 132775680881.945, "retransmits": 3934, "tput_samples": [142.00765162789617, 120.21826015948812, 124.63129294154145, 137.91626946483814, 125.77195361664549, 126.33512381017792, 125.06981355592093, 133.53329018988936, 147.53836094773055, 138.28694222107552, 138.45903327548712, 142.86135038727957, 120.72575337337399, 118.93719477966968, 125.09044207010669, 138.28910430087424, 141.27233560560472, 135.91610773986878, 135.06635390979213, 141.97903524897163, 144.47884680839311, 116.08544883613533, 108.91937429577185, 113.76454979815597, 120.05224787410296, 126.00316161126881, 153.05413047336611, 151.49764644248876, 147.84197247989638, 146.52524387566598]}}